,event_date,event_timestamp,event_name,event_bundle_sequence_id,user_pseudo_id,user_first_touch_timestamp,stream_id,platform,event_params_page_title,event_params_ga_session_id,event_params_page_location,event_params_session_engaged,event_params_engagement_time_msec,event_params_ga_session_number,event_params_engaged_session_event
0,20230915,1694777664810827,click,749678411,203902067.1694777657,1694777657414419,6092560544,WEB,Viktor Byskov - Viktor Byskov,1694777657,https://viktorbyskov.dk/,0,3661,1,
1,20230915,1694777657414419,page_view,742282003,203902067.1694777657,1694777657414419,6092560544,WEB,Viktor Byskov - Viktor Byskov,1694777657,https://viktorbyskov.dk/,0,,1,
2,20230915,1694777661244344,scroll_10,746111928,203902067.1694777657,1694777657414419,6092560544,WEB,Viktor Byskov - Viktor Byskov,1694777657,https://viktorbyskov.dk/,0,329,1,
3,20230915,1694777657414419,first_visit,742282003,203902067.1694777657,1694777657414419,6092560544,WEB,Viktor Byskov - Viktor Byskov,1694777657,https://viktorbyskov.dk/,,,1,
4,20230915,1694777657414419,session_start,742282003,203902067.1694777657,1694777657414419,6092560544,WEB,Viktor Byskov - Viktor Byskov,1694777657,https://viktorbyskov.dk/,,,1,
5,20230915,1694760576611701,scroll,841348469,72359703.1694760576,1694760576012588,6092560544,WEB,,1694760575,https://viktorbyskov.dk/,0,6,1,1
6,20230915,1694760581630828,scroll,846367596,72359703.1694760576,1694760576012588,6092560544,WEB,,1694760575,https://viktorbyskov.dk/,0,615,1,1
7,20230915,1694760587041697,scroll,851778465,72359703.1694760576,1694760576012588,6092560544,WEB,,1694760575,,0,,,1
8,20230915,1694760593929201,scroll,858665969,72359703.1694760576,1694760576012588,6092560544,WEB,,,,1,,,1
9,20230915,1694760593929201,scroll,858665969,72359703.1694760576,1694760576012588,6092560544,WEB,Viktor Byskov - Viktor Byskov,1694760575,,1,,1,1
10,20230915,1694760576012588,page_view,840749356,72359703.1694760576,1694760576012588,6092560544,WEB,Viktor Byskov - Viktor Byskov,1694760575,https://viktorbyskov.dk/,0,,1,1
11,20230915,1694760576012588,first_visit,840749356,72359703.1694760576,1694760576012588,6092560544,WEB,Viktor Byskov - Viktor Byskov,,https://viktorbyskov.dk/,,,1,1
12,20230915,1694760586328513,file_download,851065281,72359703.1694760576,1694760576012588,6092560544,WEB,Viktor Byskov - Viktor Byskov,,,0,5018,1,1
13,20230915,1694760590734927,file_download,855471695,72359703.1694760576,1694760576012588,6092560544,WEB,Viktor Byskov - Viktor Byskov,,https://viktorbyskov.dk/,0,710,,1
14,20230915,1694760576012588,session_start,840749356,72359703.1694760576,1694760576012588,6092560544,WEB,Viktor Byskov - Viktor Byskov,1694760575,https://viktorbyskov.dk/,,,1,1
15,20230915,1694760593929201,user_engagement,858665969,72359703.1694760576,1694760576012588,6092560544,WEB,Viktor Byskov - Viktor Byskov,1694760575,https://viktorbyskov.dk/,1,,,1
16,20230915,1694766401564932,click,-1923632892,1672137256.1694417464,1694417464201780,6092560544,WEB,Viktor Byskov - Viktor Byskov,1694760569,https://viktorbyskov.dk/?gtm_debug=1694766391956,1,10,5,1
17,20230915,1694766501627471,click,-1823570353,1672137256.1694417464,1694417464201780,6092560544,WEB,Viktor Byskov - Viktor Byskov,,,,24,,1
18,20230915,1694760575356423,scroll,840093191,1672137256.1694417464,1694417464201780,6092560544,WEB,Viktor Byskov - Viktor Byskov,,,,,,1
19,20230915,1694766858844146,scroll,-1466353678,1672137256.1694417464,1694417464201780,6092560544,WEB,,1694760569,,1,,5,1
20,20230915,1694767257875259,scroll,-1067322565,1672137256.1694417464,1694417464201780,6092560544,WEB,,,,,,,1
21,20230915,1694760569420154,page_view,834156922,1672137256.1694417464,1694417464201780,6092560544,WEB,,,,,,,1
22,20230915,1694766825635581,page_view,-1499562243,1672137256.1694417464,1694417464201780,6092560544,WEB,,,,,,,1
23,20230915,1694766855839969,page_view,-1469357855,1672137256.1694417464,1694417464201780,6092560544,WEB,Viktor Byskov - Viktor Byskov,1694760569,https://viktorbyskov.dk/?vc_editable=true&vc_post_id=7&_vcnonce=fcb71d17f7,1,,,1
24,20230915,1694766933447953,page_view,-1391749871,1672137256.1694417464,1694417464201780,6092560544,WEB,Viktor Byskov - Viktor Byskov,,,1,,5,1
25,20230915,1694767214995082,page_view,-1110202742,1672137256.1694417464,1694417464201780,6092560544,WEB,Viktor Byskov - Viktor Byskov,,,1,,,1
26,20230915,1694767255232175,page_view,-1069965649,1672137256.1694417464,1694417464201780,6092560544,WEB,Viktor Byskov - Viktor Byskov,1694760569,https://viktorbyskov.dk/?vc_editable=true&vc_post_id=7&_vcnonce=fcb71d17f7,1,,5,1
27,20230915,1694767398860231,page_view,-926337593,1672137256.1694417464,1694417464201780,6092560544,WEB,,1694760569,https://viktorbyskov.dk/,1,,5,1
28,20230915,1694767605894108,page_view,-719303716,1672137256.1694417464,1694417464201780,6092560544,WEB,Viktor Byskov - Viktor Byskov,,,1,,5,1
29,20230915,1694767638863524,page_view,-686334300,1672137256.1694417464,1694417464201780,6092560544,WEB,,1694760569,,1,,,1
30,20230915,1694767943072416,page_view,-382125408,1672137256.1694417464,1694417464201780,6092560544,WEB,,,,,,,1
31,20230915,1694760822016878,page_view,1086753646,1672137256.1694417464,1694417464201780,6092560544,WEB,,,https://viktorbyskov.dk/?gtm_debug=1694760818394,,,,1
32,20230915,1694761140053394,page_view,1404790162,1672137256.1694417464,1694417464201780,6092560544,WEB,,,,1,,5,1
33,20230915,1694761601462518,page_view,1866199286,1672137256.1694417464,1694417464201780,6092560544,WEB,Viktor Byskov - Viktor Byskov,,https://viktorbyskov.dk/?gtm_debug=1694761598734,,,5,1
34,20230915,1694762087243665,page_view,-1942986863,1672137256.1694417464,1694417464201780,6092560544,WEB,,1694760569,,,,,1
35,20230915,1694762210665934,page_view,-1819564594,1672137256.1694417464,1694417464201780,6092560544,WEB,Viktor Byskov - Viktor Byskov,1694760569,,1,,5,1
36,20230915,1694762270222354,page_view,-1760008174,1672137256.1694417464,1694417464201780,6092560544,WEB,,,,,,5,1
37,20230915,1694762376018378,page_view,-1654212150,1672137256.1694417464,1694417464201780,6092560544,WEB,,,https://viktorbyskov.dk/?gtm_debug=1694762372485,,,,1
38,20230915,1694762533572704,page_view,-1496657824,1672137256.1694417464,1694417464201780,6092560544,WEB,,,,,,,1
39,20230915,1694762703209900,page_view,-1327020628,1672137256.1694417464,1694417464201780,6092560544,WEB,,,,,,,1
40,20230915,1694762777199843,page_view,-1253030685,1672137256.1694417464,1694417464201780,6092560544,WEB,Viktor Byskov - Viktor Byskov,,,1,,,1
41,20230915,1694762892753875,page_view,-1137476653,1672137256.1694417464,1694417464201780,6092560544,WEB,Viktor Byskov - Viktor Byskov,1694760569,https://viktorbyskov.dk/?gtm_debug=1694762889518,,,5,1
42,20230915,1694762970873521,page_view,-1059357007,1672137256.1694417464,1694417464201780,6092560544,WEB,,,,,,5,1
43,20230915,1694763055501389,page_view,-974729139,1672137256.1694417464,1694417464201780,6092560544,WEB,,1694760569,,,,5,1
44,20230915,1694763799532244,page_view,-230698284,1672137256.1694417464,1694417464201780,6092560544,WEB,,,https://viktorbyskov.dk/?gtm_debug=1694763795295,1,,,1
45,20230915,1694764087868430,page_view,57637902,1672137256.1694417464,1694417464201780,6092560544,WEB,,1694760569,,,,,1
46,20230915,1694764178694170,page_view,148463642,1672137256.1694417464,1694417464201780,6092560544,WEB,Viktor Byskov - Viktor Byskov,1694760569,https://viktorbyskov.dk/?gtm_debug=1694764175379,1,,5,1
47,20230915,1694764910136989,page_view,879906461,1672137256.1694417464,1694417464201780,6092560544,WEB,Viktor Byskov - Viktor Byskov,1694760569,https://viktorbyskov.dk/?gtm_debug=1694764905124,1,,5,1
48,20230915,1694765165065020,page_view,1134834492,1672137256.1694417464,1694417464201780,6092560544,WEB,,,,,,5,1
49,20230915,1694765257974112,page_view,1227743584,1672137256.1694417464,1694417464201780,6092560544,WEB,,,,,,,1
50,20230915,1694766396389390,page_view,-1928808434,1672137256.1694417464,1694417464201780,6092560544,WEB,Viktor Byskov - Viktor Byskov,1694760569,,1,,5,1
51,20230915,1694766498880976,page_view,-1826316848,1672137256.1694417464,1694417464201780,6092560544,WEB,,1694760569,,1,,5,1
52,20230915,1694767081058358,page_view,-1244139466,1672137256.1694417464,1694417464201780,6092560544,WEB,Viktor Byskov - Viktor Byskov,,https://viktorbyskov.dk/?gtm_debug=1694767077426,1,,,1
53,20230915,1694767324039748,page_view,-1001158076,1672137256.1694417464,1694417464201780,6092560544,WEB,Viktor Byskov - Viktor Byskov,,https://viktorbyskov.dk/?gtm_debug=1694767321457,1,,5,1
54,20230915,1694767454239717,page_view,-870958107,1672137256.1694417464,1694417464201780,6092560544,WEB,Viktor Byskov - Viktor Byskov,1694760569,https://viktorbyskov.dk/?gtm_debug=1694767451618,,,5,1
55,20230915,1694767657771434,page_view,-667426390,1672137256.1694417464,1694417464201780,6092560544,WEB,,,,1,,5,1
56,20230915,1694766825635581,scroll_10,-1499562243,1672137256.1694417464,1694417464201780,6092560544,WEB,,,,,,,1
57,20230915,1694766863848486,scroll_10,-1461349338,1672137256.1694417464,1694417464201780,6092560544,WEB,Viktor Byskov - Viktor Byskov,1694760569,https://viktorbyskov.dk/?vc_editable=true&vc_post_id=7&_vcnonce=fcb71d17f7,1,,5,1
58,20230915,1694766933447953,scroll_10,-1391749871,1672137256.1694417464,1694417464201780,6092560544,WEB,,,,,,,1
59,20230915,1694767214995082,scroll_10,-1110202742,1672137256.1694417464,1694417464201780,6092560544,WEB,,,,1,,,1
60,20230915,1694767263139126,scroll_10,-1062058698,1672137256.1694417464,1694417464201780,6092560544,WEB,Viktor Byskov - Viktor Byskov,1694760569,https://viktorbyskov.dk/?vc_editable=true&vc_post_id=7&_vcnonce=fcb71d17f7,1,,5,1
61,20230915,1694767398860231,scroll_10,-926337593,1672137256.1694417464,1694417464201780,6092560544,WEB,Viktor Byskov - Viktor Byskov,1694760569,,1,,5,1
62,20230915,1694767605894108,scroll_10,-719303716,1672137256.1694417464,1694417464201780,6092560544,WEB,,,,,,,1
63,20230915,1694767638863524,scroll_10,-686334300,1672137256.1694417464,1694417464201780,6092560544,WEB,,,https://viktorbyskov.dk/,,682,,1
64,20230915,1694767943072416,scroll_10,-382125408,1672137256.1694417464,1694417464201780,6092560544,WEB,Viktor Byskov - Viktor Byskov,1694760569,https://viktorbyskov.dk/?vc_editable=true&vc_post_id=7&_vcnonce=fcb71d17f7,1,,5,1
65,20230915,1694760822128484,scroll_10,1086865252,1672137256.1694417464,1694417464201780,6092560544,WEB,,1694760569,https://viktorbyskov.dk/?gtm_debug=1694760818394,,,,1
66,20230915,1694761140223292,scroll_10,1404960060,1672137256.1694417464,1694417464201780,6092560544,WEB,Viktor Byskov - Viktor Byskov,1694760569,,,159,,1
67,20230915,1694761601658169,scroll_10,1866394937,1672137256.1694417464,1694417464201780,6092560544,WEB,,,,,,5,1
68,20230915,1694762087260354,scroll_10,-1942970174,1672137256.1694417464,1694417464201780,6092560544,WEB,,1694760569,https://viktorbyskov.dk/?gtm_debug=1694762083687,1,13,,1
69,20230915,1694762210682942,scroll_10,-1819547586,1672137256.1694417464,1694417464201780,6092560544,WEB,,,,1,14,,1
70,20230915,1694762270294706,scroll_10,-1759935822,1672137256.1694417464,1694417464201780,6092560544,WEB,Viktor Byskov - Viktor Byskov,,https://viktorbyskov.dk/?gtm_debug=1694762268201,1,,,1
71,20230915,1694762376033627,scroll_10,-1654196901,1672137256.1694417464,1694417464201780,6092560544,WEB,Viktor Byskov - Viktor Byskov,1694760569,https://viktorbyskov.dk/?gtm_debug=1694762372485,1,26,,1
72,20230915,1694762533594918,scroll_10,-1496635610,1672137256.1694417464,1694417464201780,6092560544,WEB,Viktor Byskov - Viktor Byskov,1694760569,https://viktorbyskov.dk/?gtm_debug=1694762530104,1,,,1
73,20230915,1694762703236457,scroll_10,-1326994071,1672137256.1694417464,1694417464201780,6092560544,WEB,Viktor Byskov - Viktor Byskov,1694760569,,1,25,,1
74,20230915,1694762777327928,scroll_10,-1252902600,1672137256.1694417464,1694417464201780,6092560544,WEB,,,https://viktorbyskov.dk/?gtm_debug=1694762774350,,160,5,1
75,20230915,1694762892850601,scroll_10,-1137379927,1672137256.1694417464,1694417464201780,6092560544,WEB,,,https://viktorbyskov.dk/?gtm_debug=1694762889518,,,,1
76,20230915,1694762970979521,scroll_10,-1059251007,1672137256.1694417464,1694417464201780,6092560544,WEB,,1694760569,https://viktorbyskov.dk/?gtm_debug=1694762968018,,101,5,1
77,20230915,1694763055599510,scroll_10,-974631018,1672137256.1694417464,1694417464201780,6092560544,WEB,,,,,,,1
78,20230915,1694763799663394,scroll_10,-230567134,1672137256.1694417464,1694417464201780,6092560544,WEB,Viktor Byskov - Viktor Byskov,1694760569,https://viktorbyskov.dk/?gtm_debug=1694763795295,,,,1
79,20230915,1694764088120105,scroll_10,57889577,1672137256.1694417464,1694417464201780,6092560544,WEB,Viktor Byskov - Viktor Byskov,1694760569,https://viktorbyskov.dk/?gtm_debug=1694764084762,1,,5,1
80,20230915,1694764178846197,scroll_10,148615669,1672137256.1694417464,1694417464201780,6092560544,WEB,Viktor Byskov - Viktor Byskov,1694760569,https://viktorbyskov.dk/?gtm_debug=1694764175379,1,178,5,1
81,20230915,1694764910237205,scroll_10,880006677,1672137256.1694417464,1694417464201780,6092560544,WEB,,1694760569,,,124,,1
82,20230915,1694765165280658,scroll_10,1135050130,1672137256.1694417464,1694417464201780,6092560544,WEB,,,,,,,1
83,20230915,1694765258148567,scroll_10,1227918039,1672137256.1694417464,1694417464201780,6092560544,WEB,,,https://viktorbyskov.dk/?gtm_debug=1694765255151,,,,1
84,20230915,1694766396523580,scroll_10,-1928674244,1672137256.1694417464,1694417464201780,6092560544,WEB,,1694760569,,1,160,5,1
85,20230915,1694766499386850,scroll_10,-1825810974,1672137256.1694417464,1694417464201780,6092560544,WEB,,1694760569,https://viktorbyskov.dk/?gtm_debug=1694766495469,,,,1
86,20230915,1694767081061279,scroll_10,-1244136545,1672137256.1694417464,1694417464201780,6092560544,WEB,Viktor Byskov - Viktor Byskov,1694760569,https://viktorbyskov.dk/?gtm_debug=1694767077426,1,14,5,1
87,20230915,1694767324064485,scroll_10,-1001133339,1672137256.1694417464,1694417464201780,6092560544,WEB,,,,1,,5,1
88,20230915,1694767454259408,scroll_10,-870938416,1672137256.1694417464,1694417464201780,6092560544,WEB,,,,,,,1
89,20230915,1694767657853160,scroll_10,-667344664,1672137256.1694417464,1694417464201780,6092560544,WEB,,,,,,,1
90,20230915,1694760842070067,scroll_50,1106806835,1672137256.1694417464,1694417464201780,6092560544,WEB,,1694760569,,,2346,,1
91,20230915,1694761146740102,scroll_50,1411476870,1672137256.1694417464,1694417464201780,6092560544,WEB,,,,,,,1
92,20230915,1694761609717003,scroll_50,1874453771,1672137256.1694417464,1694417464201780,6092560544,WEB,,1694760569,https://viktorbyskov.dk/?gtm_debug=1694761598734,,,,1
93,20230915,1694762090164658,scroll_50,-1940065870,1672137256.1694417464,1694417464201780,6092560544,WEB,Viktor Byskov - Viktor Byskov,1694760569,,,2897,5,1
94,20230915,1694762216360141,scroll_50,-1813870387,1672137256.1694417464,1694417464201780,6092560544,WEB,,,,1,,5,1
95,20230915,1694762280864458,scroll_50,-1749366070,1672137256.1694417464,1694417464201780,6092560544,WEB,Viktor Byskov - Viktor Byskov,,,1,,,1
96,20230915,1694762382368840,scroll_50,-1647861688,1672137256.1694417464,1694417464201780,6092560544,WEB,Viktor Byskov - Viktor Byskov,,,,,,1
97,20230915,1694762538516230,scroll_50,-1491714298,1672137256.1694417464,1694417464201780,6092560544,WEB,,,,,,,1
98,20230915,1694762709807720,scroll_50,-1320422808,1672137256.1694417464,1694417464201780,6092560544,WEB,,1694760569,https://viktorbyskov.dk/?gtm_debug=1694762699749,,,,1
99,20230915,1694762978083992,scroll_50,-1052146536,1672137256.1694417464,1694417464201780,6092560544,WEB,Viktor Byskov - Viktor Byskov,1694760569,,1,1883,,1
100,20230915,1694764096802300,scroll_50,66571772,1672137256.1694417464,1694417464201780,6092560544,WEB,Viktor Byskov - Viktor Byskov,,https://viktorbyskov.dk/?gtm_debug=1694764084762,,4173,,1
101,20230915,1694764182540861,scroll_50,152310333,1672137256.1694417464,1694417464201780,6092560544,WEB,Viktor Byskov - Viktor Byskov,1694760569,https://viktorbyskov.dk/?gtm_debug=1694764175379,,3690,5,1
102,20230915,1694765261179714,scroll_50,1230949186,1672137256.1694417464,1694417464201780,6092560544,WEB,Viktor Byskov - Viktor Byskov,1694760569,https://viktorbyskov.dk/?gtm_debug=1694765255151,1,,,1
103,20230915,1694767087687701,scroll_50,-1237510123,1672137256.1694417464,1694417464201780,6092560544,WEB,Viktor Byskov - Viktor Byskov,1694760569,https://viktorbyskov.dk/?gtm_debug=1694767077426,,2358,5,1
104,20230915,1694762219043019,scroll_75,-1811187509,1672137256.1694417464,1694417464201780,6092560544,WEB,Viktor Byskov - Viktor Byskov,,https://viktorbyskov.dk/?gtm_debug=1694762207247,1,2676,5,1
105,20230915,1694761604956029,cv_download,1869692797,1672137256.1694417464,1694417464201780,6092560544,WEB,,,,,3284,,1
106,20230915,1694761604962144,cv_download,1869698912,1672137256.1694417464,1694417464201780,6092560544,WEB,,1694760569,,1,,5,1
107,20230915,1694762212680660,cv_download,-1817549868,1672137256.1694417464,1694417464201780,6092560544,WEB,Viktor Byskov - Viktor Byskov,,https://viktorbyskov.dk/?gtm_debug=1694762207247,1,,,1
108,20230915,1694762212685693,cv_download,-1817544835,1672137256.1694417464,1694417464201780,6092560544,WEB,,1694760569,,1,,,1
109,20230915,1694762706170132,cv_download,-1324060396,1672137256.1694417464,1694417464201780,6092560544,WEB,Viktor Byskov - Viktor Byskov,1694760569,,1,2926,5,1
110,20230915,1694762706187671,cv_download,-1324042857,1672137256.1694417464,1694417464201780,6092560544,WEB,Viktor Byskov - Viktor Byskov,1694760569,,1,6,5,1
111,20230915,1694762712051569,cv_download,-1318178959,1672137256.1694417464,1694417464201780,6092560544,WEB,,1694760569,https://viktorbyskov.dk/?gtm_debug=1694762699749,,2240,,1
112,20230915,1694762712067636,cv_download,-1318162892,1672137256.1694417464,1694417464201780,6092560544,WEB,Viktor Byskov - Viktor Byskov,1694760569,https://viktorbyskov.dk/?gtm_debug=1694762699749,1,,5,1
113,20230915,1694762788094646,cv_download,-1242135882,1672137256.1694417464,1694417464201780,6092560544,WEB,,1694760569,,,10759,5,1
114,20230915,1694762788103627,cv_download,-1242126901,1672137256.1694417464,1694417464201780,6092560544,WEB,Viktor Byskov - Viktor Byskov,1694760569,https://viktorbyskov.dk/?gtm_debug=1694762774350,1,4,5,1
115,20230915,1694762902285657,cv_download,-1127944871,1672137256.1694417464,1694417464201780,6092560544,WEB,Viktor Byskov - Viktor Byskov,,https://viktorbyskov.dk/?gtm_debug=1694762889518,1,40,5,1
116,20230915,1694762902309796,cv_download,-1127920732,1672137256.1694417464,1694417464201780,6092560544,WEB,Viktor Byskov - Viktor Byskov,,,,40,,1
117,20230915,1694762973828586,cv_download,-1056401942,1672137256.1694417464,1694417464201780,6092560544,WEB,Viktor Byskov - Viktor Byskov,1694760569,https://viktorbyskov.dk/?gtm_debug=1694762968018,1,2841,5,1
118,20230915,1694762973833621,cv_download,-1056396907,1672137256.1694417464,1694417464201780,6092560544,WEB,Viktor Byskov - Viktor Byskov,,https://viktorbyskov.dk/?gtm_debug=1694762968018,1,3,5,1
119,20230915,1694762979814743,cv_download,-1050415785,1672137256.1694417464,1694417464201780,6092560544,WEB,,,https://viktorbyskov.dk/?gtm_debug=1694762968018,1,1716,,1
120,20230915,1694762979853996,cv_download,-1050376532,1672137256.1694417464,1694417464201780,6092560544,WEB,,1694760569,,1,,,1
121,20230915,1694763059213752,cv_download,-971016776,1672137256.1694417464,1694417464201780,6092560544,WEB,Viktor Byskov - Viktor Byskov,1694760569,https://viktorbyskov.dk/?gtm_debug=1694763052382,1,3608,5,1
122,20230915,1694763059217958,cv_download,-971012570,1672137256.1694417464,1694417464201780,6092560544,WEB,Viktor Byskov - Viktor Byskov,1694760569,https://viktorbyskov.dk/?gtm_debug=1694763052382,1,2,5,1
123,20230915,1694763810113254,cv_download,-220117274,1672137256.1694417464,1694417464201780,6092560544,WEB,Viktor Byskov - Viktor Byskov,1694760569,https://viktorbyskov.dk/?gtm_debug=1694763795295,1,,,1
124,20230915,1694763810118603,cv_download,-220111925,1672137256.1694417464,1694417464201780,6092560544,WEB,,,,,,,1
125,20230915,1694764098779447,cv_download,68548919,1672137256.1694417464,1694417464201780,6092560544,WEB,,,,1,,5,1
126,20230915,1694764098785031,cv_download,68554503,1672137256.1694417464,1694417464201780,6092560544,WEB,Viktor Byskov - Viktor Byskov,1694760569,https://viktorbyskov.dk/?gtm_debug=1694764084762,1,,5,1
127,20230915,1694764183968216,cv_download,153737688,1672137256.1694417464,1694417464201780,6092560544,WEB,,1694760569,https://viktorbyskov.dk/?gtm_debug=1694764175379,1,,,1
128,20230915,1694764183973958,cv_download,153743430,1672137256.1694417464,1694417464201780,6092560544,WEB,Viktor Byskov - Viktor Byskov,1694760569,https://viktorbyskov.dk/?gtm_debug=1694764175379,1,2,5,1
129,20230915,1694764913921862,cv_download,883691334,1672137256.1694417464,1694417464201780,6092560544,WEB,Viktor Byskov - Viktor Byskov,1694760569,https://viktorbyskov.dk/?gtm_debug=1694764905124,1,3678,,1
130,20230915,1694764913927738,cv_download,883697210,1672137256.1694417464,1694417464201780,6092560544,WEB,Viktor Byskov - Viktor Byskov,1694760569,https://viktorbyskov.dk/?gtm_debug=1694764905124,1,3,5,1
131,20230915,1694765168156097,cv_download,1137925569,1672137256.1694417464,1694417464201780,6092560544,WEB,Viktor Byskov - Viktor Byskov,1694760569,,1,2865,,1
132,20230915,1694765263287985,cv_download,1233057457,1672137256.1694417464,1694417464201780,6092560544,WEB,,,,1,,,1
133,20230915,1694767084113373,cv_download,-1241084451,1672137256.1694417464,1694417464201780,6092560544,WEB,Viktor Byskov - Viktor Byskov,1694760569,https://viktorbyskov.dk/?gtm_debug=1694767077426,1,3042,5,1
134,20230915,1694767089908680,cv_download,-1235289144,1672137256.1694417464,1694417464201780,6092560544,WEB,,1694760569,https://viktorbyskov.dk/?gtm_debug=1694767077426,,2217,,1
135,20230915,1694767327240654,cv_download,-997957170,1672137256.1694417464,1694417464201780,6092560544,WEB,,1694760569,https://viktorbyskov.dk/?gtm_debug=1694767321457,,3168,5,1
136,20230915,1694767455880359,cv_download,-869317465,1672137256.1694417464,1694417464201780,6092560544,WEB,Viktor Byskov - Viktor Byskov,1694760569,https://viktorbyskov.dk/?gtm_debug=1694767451618,1,1612,5,1
137,20230915,1694767662632804,cv_download,-662565020,1672137256.1694417464,1694417464201780,6092560544,WEB,,,,,,,1
138,20230915,1694760825788619,file_download,1090525387,1672137256.1694417464,1694417464201780,6092560544,WEB,,1694760569,,,,5,1
139,20230915,1694760845256571,file_download,1109993339,1672137256.1694417464,1694417464201780,6092560544,WEB,,,,,,,1
140,20230915,1694761142543504,file_download,1407280272,1672137256.1694417464,1694417464201780,6092560544,WEB,Viktor Byskov - Viktor Byskov,,,,,,1
141,20230915,1694761147886461,file_download,1412623229,1672137256.1694417464,1694417464201780,6092560544,WEB,,1694760569,https://viktorbyskov.dk/?gtm_debug=1694761136562,,1142,,1
142,20230915,1694761605019820,file_download,1869756588,1672137256.1694417464,1694417464201780,6092560544,WEB,Viktor Byskov - Viktor Byskov,1694760569,https://viktorbyskov.dk/?gtm_debug=1694761598734,1,52,5,1
143,20230915,1694761610746093,file_download,1875482861,1672137256.1694417464,1694417464201780,6092560544,WEB,Viktor Byskov - Viktor Byskov,1694760569,https://viktorbyskov.dk/?gtm_debug=1694761598734,1,1022,5,1
144,20230915,1694762092033715,file_download,-1938196813,1672137256.1694417464,1694417464201780,6092560544,WEB,Viktor Byskov - Viktor Byskov,1694760569,,1,,,1
145,20230915,1694762212746476,file_download,-1817484052,1672137256.1694417464,1694417464201780,6092560544,WEB,Viktor Byskov - Viktor Byskov,1694760569,https://viktorbyskov.dk/?gtm_debug=1694762207247,,52,5,1
146,20230915,1694762221501882,file_download,-1808728646,1672137256.1694417464,1694417464201780,6092560544,WEB,,,https://viktorbyskov.dk/?gtm_debug=1694762207247,1,2455,5,1
147,20230915,1694762272731898,file_download,-1757498630,1672137256.1694417464,1694417464201780,6092560544,WEB,Viktor Byskov - Viktor Byskov,1694760569,,1,,5,1
148,20230915,1694762283678579,file_download,-1746551949,1672137256.1694417464,1694417464201780,6092560544,WEB,,,https://viktorbyskov.dk/?gtm_debug=1694762268201,1,,,1
149,20230915,1694762378852073,file_download,-1651378455,1672137256.1694417464,1694417464201780,6092560544,WEB,,,,,,,1
150,20230915,1694762383916168,file_download,-1646314360,1672137256.1694417464,1694417464201780,6092560544,WEB,,1694760569,https://viktorbyskov.dk/?gtm_debug=1694762372485,,,,1
151,20230915,1694762535779034,file_download,-1494451494,1672137256.1694417464,1694417464201780,6092560544,WEB,Viktor Byskov - Viktor Byskov,1694760569,https://viktorbyskov.dk/?gtm_debug=1694762530104,,2179,,1
152,20230915,1694762541345374,file_download,-1488885154,1672137256.1694417464,1694417464201780,6092560544,WEB,Viktor Byskov - Viktor Byskov,1694760569,,1,2825,5,1
153,20230915,1694762706175796,file_download,-1324054732,1672137256.1694417464,1694417464201780,6092560544,WEB,,,,,,,1
154,20230915,1694762712057359,file_download,-1318173169,1672137256.1694417464,1694417464201780,6092560544,WEB,Viktor Byskov - Viktor Byskov,1694760569,,1,2,,1
155,20230915,1694762788096436,file_download,-1242134092,1672137256.1694417464,1694417464201780,6092560544,WEB,Viktor Byskov - Viktor Byskov,,https://viktorbyskov.dk/?gtm_debug=1694762774350,1,2,5,1
156,20230915,1694762902224848,file_download,-1128005680,1672137256.1694417464,1694417464201780,6092560544,WEB,Viktor Byskov - Viktor Byskov,,,1,2833,,1
157,20230915,1694762973854435,file_download,-1056376093,1672137256.1694417464,1694417464201780,6092560544,WEB,Viktor Byskov - Viktor Byskov,,https://viktorbyskov.dk/?gtm_debug=1694762968018,1,17,5,1
158,20230915,1694762979867896,file_download,-1050362632,1672137256.1694417464,1694417464201780,6092560544,WEB,,,,1,,5,1
159,20230915,1694763059232914,file_download,-970997614,1672137256.1694417464,1694417464201780,6092560544,WEB,,1694760569,https://viktorbyskov.dk/?gtm_debug=1694763052382,1,11,,1
160,20230915,1694763810135001,file_download,-220095527,1672137256.1694417464,1694417464201780,6092560544,WEB,Viktor Byskov - Viktor Byskov,,,1,13,,1
161,20230915,1694764098835854,file_download,68605326,1672137256.1694417464,1694417464201780,6092560544,WEB,Viktor Byskov - Viktor Byskov,1694760569,https://viktorbyskov.dk/?gtm_debug=1694764084762,1,49,5,1
162,20230915,1694764183990312,file_download,153759784,1672137256.1694417464,1694417464201780,6092560544,WEB,,1694760569,https://viktorbyskov.dk/?gtm_debug=1694764175379,1,,5,1
163,20230915,1694764913947434,file_download,883716906,1672137256.1694417464,1694417464201780,6092560544,WEB,Viktor Byskov - Viktor Byskov,1694760569,https://viktorbyskov.dk/?gtm_debug=1694764905124,1,16,5,1
164,20230915,1694765168174295,file_download,1137943767,1672137256.1694417464,1694417464201780,6092560544,WEB,Viktor Byskov - Viktor Byskov,1694760569,https://viktorbyskov.dk/?gtm_debug=1694765162133,1,12,5,1
165,20230915,1694765263302889,file_download,1233072361,1672137256.1694417464,1694417464201780,6092560544,WEB,,,,,,5,1
166,20230915,1694767084132804,file_download,-1241065020,1672137256.1694417464,1694417464201780,6092560544,WEB,Viktor Byskov - Viktor Byskov,1694760569,,,,,1
167,20230915,1694767089937500,file_download,-1235260324,1672137256.1694417464,1694417464201780,6092560544,WEB,,1694760569,,,15,,1
168,20230915,1694767327256708,file_download,-997941116,1672137256.1694417464,1694417464201780,6092560544,WEB,,1694760569,https://viktorbyskov.dk/?gtm_debug=1694767321457,,12,5,1
169,20230915,1694767455898618,file_download,-869299206,1672137256.1694417464,1694417464201780,6092560544,WEB,,,,,,,1
170,20230915,1694767662648621,file_download,-662549203,1672137256.1694417464,1694417464201780,6092560544,WEB,,,,1,,,1
171,20230915,1694760569420154,session_start,834156922,1672137256.1694417464,1694417464201780,6092560544,WEB,Viktor Byskov - Viktor Byskov,1694760569,https://viktorbyskov.dk/,,,5,1
172,20230915,1694766401549380,linkedin_click,-1923648444,1672137256.1694417464,1694417464201780,6092560544,WEB,,1694760569,https://viktorbyskov.dk/?gtm_debug=1694766391956,1,,5,1
173,20230915,1694766501602106,linkedin_click,-1823595718,1672137256.1694417464,1694417464201780,6092560544,WEB,,,,,,,1
174,20230915,1694760601452606,user_engagement,866189374,1672137256.1694417464,1694417464201780,6092560544,WEB,,1694760569,,0,5265,5,1
175,20230915,1694766843861777,user_engagement,-1481336047,1672137256.1694417464,1694417464201780,6092560544,WEB,Viktor Byskov - Viktor Byskov,,,,22316,,1
176,20230915,1694766928193957,user_engagement,-1397003867,1672137256.1694417464,1694417464201780,6092560544,WEB,Viktor Byskov - Viktor Byskov,,https://viktorbyskov.dk/?vc_editable=true&vc_post_id=7&_vcnonce=fcb71d17f7,1,26997,5,1
177,20230915,1694767204773540,user_engagement,-1120424284,1672137256.1694417464,1694417464201780,6092560544,WEB,Viktor Byskov - Viktor Byskov,,https://viktorbyskov.dk/,,7466,,1
178,20230915,1694767222847624,user_engagement,-1102350200,1672137256.1694417464,1694417464201780,6092560544,WEB,Viktor Byskov - Viktor Byskov,1694760569,https://viktorbyskov.dk/,1,9555,5,1
179,20230915,1694767393027653,user_engagement,-932170171,1672137256.1694417464,1694417464201780,6092560544,WEB,,,https://viktorbyskov.dk/?vc_editable=true&vc_post_id=7&_vcnonce=fcb71d17f7,,3711,,1
180,20230915,1694767589585302,user_engagement,-735612522,1672137256.1694417464,1694417464201780,6092560544,WEB,Viktor Byskov - Viktor Byskov,,https://viktorbyskov.dk/,1,5264,,1
181,20230915,1694767632933502,user_engagement,-692264322,1672137256.1694417464,1694417464201780,6092560544,WEB,Viktor Byskov - Viktor Byskov,1694760569,https://viktorbyskov.dk/?vc_editable=true&vc_post_id=7&_vcnonce=fcb71d17f7,1,,5,1
182,20230915,1694767926586970,user_engagement,-398610854,1672137256.1694417464,1694417464201780,6092560544,WEB,,1694760569,https://viktorbyskov.dk/,1,,5,1
183,20230915,1694768098218683,user_engagement,-226979141,1672137256.1694417464,1694417464201780,6092560544,WEB,Viktor Byskov - Viktor Byskov,1694760569,,1,,,1
184,20230915,1694761138596455,user_engagement,1403333223,1672137256.1694417464,1694417464201780,6092560544,WEB,,1694760569,https://viktorbyskov.dk/?gtm_debug=1694760818394,1,3180,,1
185,20230915,1694761600245514,user_engagement,1864982282,1672137256.1694417464,1694417464201780,6092560544,WEB,,1694760569,,,6873,,1
186,20230915,1694762085836215,user_engagement,-1944394313,1672137256.1694417464,1694417464201780,6092560544,WEB,,1694760569,https://viktorbyskov.dk/?gtm_debug=1694761598734,1,3819,,1
187,20230915,1694762208958910,user_engagement,-1821271618,1672137256.1694417464,1694417464201780,6092560544,WEB,Viktor Byskov - Viktor Byskov,1694760569,https://viktorbyskov.dk/?gtm_debug=1694762083687,,,5,1
188,20230915,1694762331919709,user_engagement,-1698310819,1672137256.1694417464,1694417464201780,6092560544,WEB,Viktor Byskov - Viktor Byskov,1694760569,https://viktorbyskov.dk/?gtm_debug=1694762268201,1,1255,5,1
189,20230915,1694762523268817,user_engagement,-1506961711,1672137256.1694417464,1694417464201780,6092560544,WEB,,1694760569,https://viktorbyskov.dk/?gtm_debug=1694762372485,,3893,5,1
190,20230915,1694762680753493,user_engagement,-1349477035,1672137256.1694417464,1694417464201780,6092560544,WEB,Viktor Byskov - Viktor Byskov,,https://viktorbyskov.dk/?gtm_debug=1694762530104,,,,1
191,20230915,1694762739134726,user_engagement,-1291095802,1672137256.1694417464,1694417464201780,6092560544,WEB,Viktor Byskov - Viktor Byskov,,https://viktorbyskov.dk/?gtm_debug=1694762699749,,,5,1
192,20230915,1694762942703466,user_engagement,-1087527062,1672137256.1694417464,1694417464201780,6092560544,WEB,,,,,1600,5,1
193,20230915,1694765163692340,user_engagement,1133461812,1672137256.1694417464,1694417464201780,6092560544,WEB,,,,1,,5,1
194,20230915,1694765256668419,user_engagement,1226437891,1672137256.1694417464,1694417464201780,6092560544,WEB,Viktor Byskov - Viktor Byskov,1694760569,https://viktorbyskov.dk/?gtm_debug=1694765162133,1,3437,,1
195,20230915,1694767211658689,user_engagement,-1113539135,1672137256.1694417464,1694417464201780,6092560544,WEB,,1694760569,,,,,1
196,20230915,1694767403204609,user_engagement,-921993215,1672137256.1694417464,1694417464201780,6092560544,WEB,,1694760569,https://viktorbyskov.dk/?gtm_debug=1694767321457,1,,5,1
197,20230915,1694767580879514,user_engagement,-744318310,1672137256.1694417464,1694417464201780,6092560544,WEB,Viktor Byskov - Viktor Byskov,1694760569,https://viktorbyskov.dk/?gtm_debug=1694767451618,1,10479,5,1
198,20230915,1694768096943393,user_engagement,-228254431,1672137256.1694417464,1694417464201780,6092560544,WEB,Viktor Byskov - Viktor Byskov,,,,,5,1
199,20230915,1694777669046870,page_view,753914454,1063480988.1694777669,1694777669046870,6092560544,WEB,Viktor Byskov - Viktor Byskov,1694777668,,,,1,1
200,20230915,1694777676350973,scroll_10,761218557,1063480988.1694777669,1694777669046870,6092560544,WEB,,,,0,2629,,1
201,20230915,1694777676350973,scroll_50,761218557,1063480988.1694777669,1694777669046870,6092560544,WEB,,,,0,,,1
202,20230915,1694777669046870,first_visit,753914454,1063480988.1694777669,1694777669046870,6092560544,WEB,,1694777668,https://viktorbyskov.dk/,,,1,1
203,20230915,1694777669046870,session_start,753914454,1063480988.1694777669,1694777669046870,6092560544,WEB,Viktor Byskov - Viktor Byskov,1694777668,https://viktorbyskov.dk/,,,1,1
204,20230915,1694777682541565,user_engagement,767409149,1063480988.1694777669,1694777669046870,6092560544,WEB,,,,,,,1
205,20230915,1694777615932170,click,700799754,2057127065.1694777593,1694777594890075,6092560544,WEB,Viktor Byskov - Viktor Byskov,,,,,,1
206,20230915,1694777603882966,scroll,688750550,2057127065.1694777593,1694777594890075,6092560544,WEB,Viktor Byskov - Viktor Byskov,1694777593,,1,,1,1
207,20230915,1694777605224440,scroll,690092024,2057127065.1694777593,1694777594890075,6092560544,WEB,,1694777593,https://viktorbyskov.dk/,,1,,1
208,20230915,1694777594890075,page_view,679757659,2057127065.1694777593,1694777594890075,6092560544,WEB,Viktor Byskov - Viktor Byskov,1694777593,,0,,1,1
209,20230915,1694777605038560,page_view,689906144,2057127065.1694777593,1694777594890075,6092560544,WEB,,1694777593,,1,,1,1
210,20230915,1694777600822871,scroll_10,685690455,2057127065.1694777593,1694777594890075,6092560544,WEB,Viktor Byskov - Viktor Byskov,1694777593,https://viktorbyskov.dk/,0,2557,1,1
211,20230915,1694777610232560,scroll_10,695100144,2057127065.1694777593,1694777594890075,6092560544,WEB,Viktor Byskov - Viktor Byskov,,https://viktorbyskov.dk/,1,,,1
212,20230915,1694777603882399,scroll_50,688749983,2057127065.1694777593,1694777594890075,6092560544,WEB,Viktor Byskov - Viktor Byskov,1694777593,,,7068,1,1
213,20230915,1694777610232560,scroll_50,695100144,2057127065.1694777593,1694777594890075,6092560544,WEB,Viktor Byskov - Viktor Byskov,1694777593,https://viktorbyskov.dk/,1,1,1,1
214,20230915,1694777603882399,scroll_75,688749983,2057127065.1694777593,1694777594890075,6092560544,WEB,Viktor Byskov - Viktor Byskov,1694777593,https://viktorbyskov.dk/,1,595,,1
215,20230915,1694777610232560,scroll_75,695100144,2057127065.1694777593,1694777594890075,6092560544,WEB,Viktor Byskov - Viktor Byskov,1694777593,https://viktorbyskov.dk/,1,1,1,1
216,20230915,1694777604970805,scroll_90,689838389,2057127065.1694777593,1694777594890075,6092560544,WEB,,,https://viktorbyskov.dk/,1,5,,1
217,20230915,1694777610232560,scroll_90,695100144,2057127065.1694777593,1694777594890075,6092560544,WEB,Viktor Byskov - Viktor Byskov,1694777593,https://viktorbyskov.dk/,,,1,1
218,20230915,1694777594890075,first_visit,679757659,2057127065.1694777593,1694777594890075,6092560544,WEB,,,,,,,1
219,20230915,1694777621610525,file_download,706478109,2057127065.1694777593,1694777594890075,6092560544,WEB,,,,,,,1
220,20230915,1694777594890075,session_start,679757659,2057127065.1694777593,1694777594890075,6092560544,WEB,,,,,,,1
221,20230915,1694777604970805,user_engagement,689838389,2057127065.1694777593,1694777594890075,6092560544,WEB,,,,1,1085,,1
222,20230915,1694777628090088,user_engagement,712957672,2057127065.1694777593,1694777594890075,6092560544,WEB,Viktor Byskov - Viktor Byskov,1694777593,https://viktorbyskov.dk/,1,9288,1,1
223,20230915,1694786152847740,page_view,647780732,933040601.1694786153,1694786152847740,6092560544,WEB,Viktor Byskov - Viktor Byskov,1694786152,https://viktorbyskov.dk/,0,,1,1
224,20230915,1694786158475386,scroll_10,653408378,933040601.1694786153,1694786152847740,6092560544,WEB,Viktor Byskov - Viktor Byskov,1694786152,https://viktorbyskov.dk/,0,678,1,1
225,20230915,1694786152847740,first_visit,647780732,933040601.1694786153,1694786152847740,6092560544,WEB,Viktor Byskov - Viktor Byskov,1694786152,https://viktorbyskov.dk/,,,1,1
226,20230915,1694786172769569,sec20_timer,667702561,933040601.1694786153,1694786152847740,6092560544,WEB,Viktor Byskov - Viktor Byskov,1694786152,https://viktorbyskov.dk/,0,,,1
227,20230915,1694786152847740,session_start,647780732,933040601.1694786153,1694786152847740,6092560544,WEB,,,,,,1,1
228,20230915,1694777652082625,click,736950209,1510771276.1694777634,1694777634539902,6092560544,WEB,,,,,,,1
229,20230915,1694777634539902,page_view,719407486,1510771276.1694777634,1694777634539902,6092560544,WEB,Viktor Byskov - Viktor Byskov,1694777633,https://viktorbyskov.dk/,0,,1,1
230,20230915,1694777641738377,scroll_10,726605961,1510771276.1694777634,1694777634539902,6092560544,WEB,,,,,,1,1
231,20230915,1694777647333498,scroll_50,732201082,1510771276.1694777634,1694777634539902,6092560544,WEB,Viktor Byskov - Viktor Byskov,,,,,1,1
232,20230915,1694777634539902,first_visit,719407486,1510771276.1694777634,1694777634539902,6092560544,WEB,,,,,,,1
233,20230915,1694777634539902,session_start,719407486,1510771276.1694777634,1694777634539902,6092560544,WEB,Viktor Byskov - Viktor Byskov,1694777633,https://viktorbyskov.dk/,,,1,1
234,20230915,1694778219710340,click,1304577924,2045365191.1694419630,1694419630602476,6092560544,WEB,Viktor Byskov - Viktor Byskov,,https://viktorbyskov.dk/,,1696,8,1
235,20230915,1694778231891739,click,1316759323,2045365191.1694419630,1694419630602476,6092560544,WEB,,,,,,,1
236,20230915,1694778278649919,click,1363517503,2045365191.1694419630,1694419630602476,6092560544,WEB,Viktor Byskov - Viktor Byskov,1694778067,https://viktorbyskov.dk/,1,2502,8,1
237,20230915,1694782923005898,click,1712906186,2045365191.1694419630,1694419630602476,6092560544,WEB,Viktor Byskov - Viktor Byskov,1694782763,https://viktorbyskov.dk/,1,,9,1
238,20230915,1694778336516337,click,1421383921,2045365191.1694419630,1694419630602476,6092560544,WEB,Viktor Byskov - Viktor Byskov,,,,,8,1
239,20230915,1694778340608285,click,1425475869,2045365191.1694419630,1694419630602476,6092560544,WEB,Viktor Byskov - Viktor Byskov,1694778067,https://viktorbyskov.dk/?gtm_debug=1694778328467,1,1085,,1
240,20230915,1694778689365821,click,1774233405,2045365191.1694419630,1694419630602476,6092560544,WEB,,,,,,,1
241,20230915,1694778692354319,click,1777221903,2045365191.1694419630,1694419630602476,6092560544,WEB,,,,,,,1
242,20230915,1694778960531403,click,2045398987,2045365191.1694419630,1694419630602476,6092560544,WEB,Viktor Byskov - Viktor Byskov,1694778067,https://viktorbyskov.dk/?gtm_debug=1694778951801,1,6,8,1
243,20230915,1694778987462929,click,2072330513,2045365191.1694419630,1694419630602476,6092560544,WEB,Viktor Byskov - Viktor Byskov,1694778067,https://viktorbyskov.dk/?gtm_debug=1694778951801,1,8,8,1
244,20230915,1694779039414369,click,2124281953,2045365191.1694419630,1694419630602476,6092560544,WEB,Viktor Byskov - Viktor Byskov,1694778067,https://viktorbyskov.dk/?gtm_debug=1694778951801,1,11,8,1
245,20230915,1694787927584586,click,-1872449718,2045365191.1694419630,1694419630602476,6092560544,WEB,,,,,,,1
246,20230915,1694787993401209,click,-1806633095,2045365191.1694419630,1694419630602476,6092560544,WEB,,,https://viktorbyskov.dk/?gtm_debug=1694787972588,,7,10,1
247,20230915,1694778115347817,scroll,1200215401,2045365191.1694419630,1694419630602476,6092560544,WEB,,1694778067,,1,,,1
248,20230915,1694778245382673,scroll,1330250257,2045365191.1694419630,1694419630602476,6092560544,WEB,Viktor Byskov - Viktor Byskov,,,1,,,1
249,20230915,1694778760181490,scroll,1845049074,2045365191.1694419630,1694419630602476,6092560544,WEB,,1694778067,https://viktorbyskov.dk/,1,5,8,1
250,20230915,1694782825874275,scroll,1615774563,2045365191.1694419630,1694419630602476,6092560544,WEB,Viktor Byskov - Viktor Byskov,1694782763,https://viktorbyskov.dk/,1,,9,1
251,20230915,1694785020696956,scroll,-484370052,2045365191.1694419630,1694419630602476,6092560544,WEB,Viktor Byskov - Viktor Byskov,,https://viktorbyskov.dk/,1,,10,1
252,20230915,1694785034686343,scroll,-470380665,2045365191.1694419630,1694419630602476,6092560544,WEB,,,,,,,1
253,20230915,1694785044547680,scroll,-460519328,2045365191.1694419630,1694419630602476,6092560544,WEB,,,,,,,1
254,20230915,1694785189811665,scroll,-315255343,2045365191.1694419630,1694419630602476,6092560544,WEB,Viktor Byskov - Viktor Byskov,,https://viktorbyskov.dk/?vc_editable=true&vc_post_id=7&_vcnonce=30d0d9d43a,1,,,1
255,20230915,1694789178416701,scroll,-621617603,2045365191.1694419630,1694419630602476,6092560544,WEB,,1694785000,,1,,10,1
256,20230915,1694789191577251,scroll,-608457053,2045365191.1694419630,1694419630602476,6092560544,WEB,Viktor Byskov - Viktor Byskov,1694785000,https://viktorbyskov.dk/,1,1,10,1
257,20230915,1694789229929097,scroll,-570105207,2045365191.1694419630,1694419630602476,6092560544,WEB,Viktor Byskov - Viktor Byskov,1694785000,,1,,,1
258,20230915,1694789251267663,scroll,-548766641,2045365191.1694419630,1694419630602476,6092560544,WEB,,,,,,,1
259,20230915,1694789439601223,scroll,-360433081,2045365191.1694419630,1694419630602476,6092560544,WEB,,1694785000,,1,4,10,1
260,20230915,1694789464654448,scroll,-335379856,2045365191.1694419630,1694419630602476,6092560544,WEB,Viktor Byskov - Viktor Byskov,1694785000,https://viktorbyskov.dk/,,3,10,1
261,20230915,1694789476209566,scroll,-323824738,2045365191.1694419630,1694419630602476,6092560544,WEB,Viktor Byskov - Viktor Byskov,,,1,,10,1
262,20230915,1694789543181293,scroll,-256853011,2045365191.1694419630,1694419630602476,6092560544,WEB,Viktor Byskov - Viktor Byskov,,https://viktorbyskov.dk/,1,2,10,1
263,20230915,1694789562215011,scroll,-237819293,2045365191.1694419630,1694419630602476,6092560544,WEB,Viktor Byskov - Viktor Byskov,,,1,,10,1
264,20230915,1694789626517550,scroll,-173516754,2045365191.1694419630,1694419630602476,6092560544,WEB,Viktor Byskov - Viktor Byskov,,https://viktorbyskov.dk/?vc_editable=true&vc_post_id=7&_vcnonce=534abf4dd1,,,,1
265,20230915,1694789656705514,scroll,-143328790,2045365191.1694419630,1694419630602476,6092560544,WEB,,,,,,,1
266,20230915,1694779598162781,scroll,-1611936931,2045365191.1694419630,1694419630602476,6092560544,WEB,,,,,,,1
267,20230915,1694779832293380,scroll,-1377806332,2045365191.1694419630,1694419630602476,6092560544,WEB,,1694778067,,1,1,,1
268,20230915,1694779850499121,scroll,-1359600591,2045365191.1694419630,1694419630602476,6092560544,WEB,Viktor Byskov - Viktor Byskov,,https://viktorbyskov.dk/?gtm_debug=1694779841007,1,2,8,1
269,20230915,1694770876737848,page_view,-1743427272,2045365191.1694419630,1694419630602476,6092560544,WEB,Viktor Byskov - Viktor Byskov,,https://viktorbyskov.dk/,0,,,1
270,20230915,1694778111631250,page_view,1196498834,2045365191.1694419630,1694419630602476,6092560544,WEB,Viktor Byskov - Viktor Byskov,1694778067,https://viktorbyskov.dk/?vc_editable=true&vc_post_id=7&_vcnonce=94fae9c7eb,1,,8,1
271,20230915,1694778218767524,page_view,1303635108,2045365191.1694419630,1694419630602476,6092560544,WEB,Viktor Byskov - Viktor Byskov,1694778067,,,,,1
272,20230915,1694778226888801,page_view,1311756385,2045365191.1694419630,1694419630602476,6092560544,WEB,Viktor Byskov - Viktor Byskov,1694778067,https://viktorbyskov.dk/,1,,8,1
273,20230915,1694778243428952,page_view,1328296536,2045365191.1694419630,1694419630602476,6092560544,WEB,Viktor Byskov - Viktor Byskov,,,,,8,1
274,20230915,1694778278148448,page_view,1363016032,2045365191.1694419630,1694419630602476,6092560544,WEB,,,,1,,,1
275,20230915,1694778759488704,page_view,1844356288,2045365191.1694419630,1694419630602476,6092560544,WEB,Viktor Byskov - Viktor Byskov,1694778067,https://viktorbyskov.dk/,1,,8,1
276,20230915,1694779276297630,page_view,-1933802082,2045365191.1694419630,1694419630602476,6092560544,WEB,,1694778067,https://viktorbyskov.dk/,1,,,1
277,20230915,1694782763518596,page_view,1553418884,2045365191.1694419630,1694419630602476,6092560544,WEB,Viktor Byskov - Viktor Byskov,,,,,,1
278,20230915,1694785001237700,page_view,-503829308,2045365191.1694419630,1694419630602476,6092560544,WEB,,,,,,,1
279,20230915,1694785020320488,page_view,-484746520,2045365191.1694419630,1694419630602476,6092560544,WEB,,,https://viktorbyskov.dk/,,,10,1
280,20230915,1694785032781513,page_view,-472285495,2045365191.1694419630,1694419630602476,6092560544,WEB,,,,,,,1
281,20230915,1694785044181954,page_view,-460885054,2045365191.1694419630,1694419630602476,6092560544,WEB,,1694785000,https://viktorbyskov.dk/,1,,10,1
282,20230915,1694785188023325,page_view,-317043683,2045365191.1694419630,1694419630602476,6092560544,WEB,Viktor Byskov - Viktor Byskov,1694785000,https://viktorbyskov.dk/?vc_editable=true&vc_post_id=7&_vcnonce=30d0d9d43a,,,10,1
283,20230915,1694785313051585,page_view,-192015423,2045365191.1694419630,1694419630602476,6092560544,WEB,,,https://viktorbyskov.dk/,1,,,1
284,20230915,1694786143400481,page_view,638333473,2045365191.1694419630,1694419630602476,6092560544,WEB,Viktor Byskov - Viktor Byskov,1694785000,https://viktorbyskov.dk/,1,,,1
285,20230915,1694788200204586,page_view,-1599829718,2045365191.1694419630,1694419630602476,6092560544,WEB,,,,,,,1
286,20230915,1694789143635216,page_view,-656399088,2045365191.1694419630,1694419630602476,6092560544,WEB,,,https://viktorbyskov.dk/,,,,1
287,20230915,1694789177173538,page_view,-622860766,2045365191.1694419630,1694419630602476,6092560544,WEB,Viktor Byskov - Viktor Byskov,,https://viktorbyskov.dk/?vc_editable=true&vc_post_id=7&_vcnonce=534abf4dd1,1,,10,1
288,20230915,1694789191250217,page_view,-608784087,2045365191.1694419630,1694419630602476,6092560544,WEB,,1694785000,,,,10,1
289,20230915,1694789229587456,page_view,-570446848,2045365191.1694419630,1694419630602476,6092560544,WEB,,,,,,,1
290,20230915,1694789249511710,page_view,-550522594,2045365191.1694419630,1694419630602476,6092560544,WEB,Viktor Byskov - Viktor Byskov,,,1,,10,1
291,20230915,1694789439110988,page_view,-360923316,2045365191.1694419630,1694419630602476,6092560544,WEB,,1694785000,https://viktorbyskov.dk/,,,,1
292,20230915,1694789464181058,page_view,-335853246,2045365191.1694419630,1694419630602476,6092560544,WEB,,,,,,,1
293,20230915,1694789474885752,page_view,-325148552,2045365191.1694419630,1694419630602476,6092560544,WEB,,,,1,,,1
294,20230915,1694789542686950,page_view,-257347354,2045365191.1694419630,1694419630602476,6092560544,WEB,,1694785000,,,,10,1
295,20230915,1694789560312216,page_view,-239722088,2045365191.1694419630,1694419630602476,6092560544,WEB,,,,,,,1
296,20230915,1694789624662391,page_view,-175371913,2045365191.1694419630,1694419630602476,6092560544,WEB,Viktor Byskov - Viktor Byskov,,https://viktorbyskov.dk/?vc_editable=true&vc_post_id=7&_vcnonce=534abf4dd1,,,10,1
297,20230915,1694789656217304,page_view,-143817000,2045365191.1694419630,1694419630602476,6092560544,WEB,Viktor Byskov - Viktor Byskov,,https://viktorbyskov.dk/,1,,10,1
298,20230915,1694778332226932,page_view,1417094516,2045365191.1694419630,1694419630602476,6092560544,WEB,,,,,,8,1
299,20230915,1694778346550950,page_view,1431418534,2045365191.1694419630,1694419630602476,6092560544,WEB,Viktor Byskov - Viktor Byskov,,,,,,1
300,20230915,1694778679508533,page_view,1764376117,2045365191.1694419630,1694419630602476,6092560544,WEB,Viktor Byskov - Viktor Byskov,1694778067,https://viktorbyskov.dk/?gtm_debug=1694778676496,1,,8,1
301,20230915,1694778955983519,page_view,2040851103,2045365191.1694419630,1694419630602476,6092560544,WEB,,,,1,,8,1
302,20230915,1694779559169383,page_view,-1650930329,2045365191.1694419630,1694419630602476,6092560544,WEB,Viktor Byskov - Viktor Byskov,,https://viktorbyskov.dk/?gtm_debug=1694779555275,1,,8,1
303,20230915,1694779640507513,page_view,-1569592199,2045365191.1694419630,1694419630602476,6092560544,WEB,,,https://viktorbyskov.dk/?gtm_debug=1694779637381,,,8,1
304,20230915,1694779781433928,page_view,-1428665784,2045365191.1694419630,1694419630602476,6092560544,WEB,,,,1,,,1
305,20230915,1694779842635241,page_view,-1367464471,2045365191.1694419630,1694419630602476,6092560544,WEB,,,,,,8,1
306,20230915,1694779911103668,page_view,-1298996044,2045365191.1694419630,1694419630602476,6092560544,WEB,Viktor Byskov - Viktor Byskov,1694778067,https://viktorbyskov.dk/?gtm_debug=1694779908465,1,,8,1
307,20230915,1694780039372386,page_view,-1170727326,2045365191.1694419630,1694419630602476,6092560544,WEB,Viktor Byskov - Viktor Byskov,,https://viktorbyskov.dk/?gtm_debug=1694780035483,1,,8,1
308,20230915,1694786420941502,page_view,915874494,2045365191.1694419630,1694419630602476,6092560544,WEB,,,,,,,1
309,20230915,1694787468790088,page_view,1963723080,2045365191.1694419630,1694419630602476,6092560544,WEB,,,,,,10,1
310,20230915,1694787901966663,page_view,-1898067641,2045365191.1694419630,1694419630602476,6092560544,WEB,,,,1,,,1
311,20230915,1694787974491061,page_view,-1825543243,2045365191.1694419630,1694419630602476,6092560544,WEB,,,,,,,1
312,20230915,1694788157689405,page_view,-1642344899,2045365191.1694419630,1694419630602476,6092560544,WEB,Viktor Byskov - Viktor Byskov,1694785000,,1,,,1
313,20230915,1694788202526211,page_view,-1597508093,2045365191.1694419630,1694419630602476,6092560544,WEB,,,https://viktorbyskov.dk/?gtm_debug=1694788200602,,,,1
314,20230915,1694788293678094,page_view,-1506356210,2045365191.1694419630,1694419630602476,6092560544,WEB,,,,,,,1
315,20230915,1694770889008880,scroll_10,-1731156240,2045365191.1694419630,1694419630602476,6092560544,WEB,Viktor Byskov - Viktor Byskov,1694770875,https://viktorbyskov.dk/,0,,,1
316,20230915,1694778120352029,scroll_10,1205219613,2045365191.1694419630,1694419630602476,6092560544,WEB,,1694778067,https://viktorbyskov.dk/?vc_editable=true&vc_post_id=7&_vcnonce=94fae9c7eb,1,,,1
317,20230915,1694778218767524,scroll_10,1303635108,2045365191.1694419630,1694419630602476,6092560544,WEB,Viktor Byskov - Viktor Byskov,,https://viktorbyskov.dk/,,28,8,1
318,20230915,1694778226888801,scroll_10,1311756385,2045365191.1694419630,1694419630602476,6092560544,WEB,Viktor Byskov - Viktor Byskov,1694778067,https://viktorbyskov.dk/,,,8,1
319,20230915,1694778250380450,scroll_10,1335248034,2045365191.1694419630,1694419630602476,6092560544,WEB,,,,,,,1
320,20230915,1694778278148448,scroll_10,1363016032,2045365191.1694419630,1694419630602476,6092560544,WEB,Viktor Byskov - Viktor Byskov,1694778067,https://viktorbyskov.dk/,1,,8,1
321,20230915,1694778765175511,scroll_10,1850043095,2045365191.1694419630,1694419630602476,6092560544,WEB,,,,,,,1
322,20230915,1694779276297630,scroll_10,-1933802082,2045365191.1694419630,1694419630602476,6092560544,WEB,Viktor Byskov - Viktor Byskov,,,,81,,1
323,20230915,1694782770001967,scroll_10,1559902255,2045365191.1694419630,1694419630602476,6092560544,WEB,Viktor Byskov - Viktor Byskov,1694782763,https://viktorbyskov.dk/,0,974,9,1
324,20230915,1694785006344302,scroll_10,-498722706,2045365191.1694419630,1694419630602476,6092560544,WEB,,1694785000,,,218,10,1
325,20230915,1694785025773427,scroll_10,-479293581,2045365191.1694419630,1694419630602476,6092560544,WEB,,,,,,,1
326,20230915,1694785039526432,scroll_10,-465540576,2045365191.1694419630,1694419630602476,6092560544,WEB,,1694785000,,1,,,1
327,20230915,1694785049545803,scroll_10,-455521205,2045365191.1694419630,1694419630602476,6092560544,WEB,Viktor Byskov - Viktor Byskov,,,,,,1
328,20230915,1694785194751388,scroll_10,-310315620,2045365191.1694419630,1694419630602476,6092560544,WEB,,1694785000,,1,,10,1
329,20230915,1694785313051585,scroll_10,-192015423,2045365191.1694419630,1694419630602476,6092560544,WEB,Viktor Byskov - Viktor Byskov,1694785000,,,,,1
330,20230915,1694786143400481,scroll_10,638333473,2045365191.1694419630,1694419630602476,6092560544,WEB,Viktor Byskov - Viktor Byskov,1694785000,https://viktorbyskov.dk/,1,12,10,1
331,20230915,1694788200204586,scroll_10,-1599829718,2045365191.1694419630,1694419630602476,6092560544,WEB,Viktor Byskov - Viktor Byskov,1694785000,,,,10,1
332,20230915,1694789143635216,scroll_10,-656399088,2045365191.1694419630,1694419630602476,6092560544,WEB,,1694785000,,1,,10,1
333,20230915,1694789183429741,scroll_10,-616604563,2045365191.1694419630,1694419630602476,6092560544,WEB,Viktor Byskov - Viktor Byskov,1694785000,,1,,,1
334,20230915,1694789196585400,scroll_10,-603448904,2045365191.1694419630,1694419630602476,6092560544,WEB,Viktor Byskov - Viktor Byskov,1694785000,,1,,10,1
335,20230915,1694789234933870,scroll_10,-565100434,2045365191.1694419630,1694419630602476,6092560544,WEB,Viktor Byskov - Viktor Byskov,,,,,,1
336,20230915,1694789256285227,scroll_10,-543749077,2045365191.1694419630,1694419630602476,6092560544,WEB,,,,,,,1
337,20230915,1694789444603546,scroll_10,-355430758,2045365191.1694419630,1694419630602476,6092560544,WEB,Viktor Byskov - Viktor Byskov,,,,488,,1
338,20230915,1694789469208346,scroll_10,-330825958,2045365191.1694419630,1694419630602476,6092560544,WEB,Viktor Byskov - Viktor Byskov,1694785000,https://viktorbyskov.dk/,1,473,,1
339,20230915,1694789481212269,scroll_10,-318822035,2045365191.1694419630,1694419630602476,6092560544,WEB,Viktor Byskov - Viktor Byskov,1694785000,https://viktorbyskov.dk/?vc_editable=true&vc_post_id=7&_vcnonce=534abf4dd1,1,,,1
340,20230915,1694789548218092,scroll_10,-251816212,2045365191.1694419630,1694419630602476,6092560544,WEB,Viktor Byskov - Viktor Byskov,,https://viktorbyskov.dk/,1,494,,1
341,20230915,1694789567222720,scroll_10,-232811584,2045365191.1694419630,1694419630602476,6092560544,WEB,,,,1,,,1
342,20230915,1694789631524548,scroll_10,-168509756,2045365191.1694419630,1694419630602476,6092560544,WEB,,,,,,,1
343,20230915,1694789661703807,scroll_10,-138330497,2045365191.1694419630,1694419630602476,6092560544,WEB,,1694785000,,1,482,,1
344,20230915,1694778332300059,scroll_10,1417167643,2045365191.1694419630,1694419630602476,6092560544,WEB,,,https://viktorbyskov.dk/?gtm_debug=1694778328467,,,8,1
345,20230915,1694778346593296,scroll_10,1431460880,2045365191.1694419630,1694419630602476,6092560544,WEB,,,,,,,1
346,20230915,1694778679897321,scroll_10,1764764905,2045365191.1694419630,1694419630602476,6092560544,WEB,Viktor Byskov - Viktor Byskov,1694778067,https://viktorbyskov.dk/?gtm_debug=1694778676496,1,,8,1
347,20230915,1694778956021830,scroll_10,2040889414,2045365191.1694419630,1694419630602476,6092560544,WEB,Viktor Byskov - Viktor Byskov,1694778067,,1,329,8,1
348,20230915,1694779559205079,scroll_10,-1650894633,2045365191.1694419630,1694419630602476,6092560544,WEB,Viktor Byskov - Viktor Byskov,1694778067,https://viktorbyskov.dk/?gtm_debug=1694779555275,1,,8,1
349,20230915,1694779640514185,scroll_10,-1569585527,2045365191.1694419630,1694419630602476,6092560544,WEB,Viktor Byskov - Viktor Byskov,1694778067,https://viktorbyskov.dk/?gtm_debug=1694779637381,1,6,8,1
350,20230915,1694779781926000,scroll_10,-1428173712,2045365191.1694419630,1694419630602476,6092560544,WEB,Viktor Byskov - Viktor Byskov,1694778067,https://viktorbyskov.dk/?gtm_debug=1694779778812,1,,8,1
351,20230915,1694779843197918,scroll_10,-1366901794,2045365191.1694419630,1694419630602476,6092560544,WEB,,,,,,,1
352,20230915,1694779911549460,scroll_10,-1298550252,2045365191.1694419630,1694419630602476,6092560544,WEB,Viktor Byskov - Viktor Byskov,,https://viktorbyskov.dk/?gtm_debug=1694779908465,1,467,8,1
353,20230915,1694780039494117,scroll_10,-1170605595,2045365191.1694419630,1694419630602476,6092560544,WEB,,,,,,,1
354,20230915,1694786421173217,scroll_10,916106209,2045365191.1694419630,1694419630602476,6092560544,WEB,,1694785000,https://viktorbyskov.dk/?gtm_debug=1694786417434,,257,10,1
355,20230915,1694787468911661,scroll_10,1963844653,2045365191.1694419630,1694419630602476,6092560544,WEB,,,https://viktorbyskov.dk/?gtm_debug=1694787464884,,,,1
356,20230915,1694787902126322,scroll_10,-1897907982,2045365191.1694419630,1694419630602476,6092560544,WEB,,,https://viktorbyskov.dk/?gtm_debug=1694787898934,1,,,1
357,20230915,1694787974941822,scroll_10,-1825092482,2045365191.1694419630,1694419630602476,6092560544,WEB,Viktor Byskov - Viktor Byskov,1694785000,,1,,10,1
358,20230915,1694788157876345,scroll_10,-1642157959,2045365191.1694419630,1694419630602476,6092560544,WEB,,,,,,,1
359,20230915,1694788202534935,scroll_10,-1597499369,2045365191.1694419630,1694419630602476,6092560544,WEB,Viktor Byskov - Viktor Byskov,,https://viktorbyskov.dk/?gtm_debug=1694788200602,,,10,1
360,20230915,1694788293903007,scroll_10,-1506131297,2045365191.1694419630,1694419630602476,6092560544,WEB,Viktor Byskov - Viktor Byskov,,,1,413,,1
361,20230915,1694770889008880,scroll_50,-1731156240,2045365191.1694419630,1694419630602476,6092560544,WEB,,,https://viktorbyskov.dk/,0,,,1
362,20230915,1694778120352029,scroll_50,1205219613,2045365191.1694419630,1694419630602476,6092560544,WEB,,,,1,,,1
363,20230915,1694778218767524,scroll_50,1303635108,2045365191.1694419630,1694419630602476,6092560544,WEB,,1694778067,https://viktorbyskov.dk/,1,2256,8,1
364,20230915,1694778226888801,scroll_50,1311756385,2045365191.1694419630,1694419630602476,6092560544,WEB,Viktor Byskov - Viktor Byskov,1694778067,https://viktorbyskov.dk/,1,1,8,1
365,20230915,1694778773100319,scroll_50,1857967903,2045365191.1694419630,1694419630602476,6092560544,WEB,Viktor Byskov - Viktor Byskov,1694778067,https://viktorbyskov.dk/,1,7917,8,1
366,20230915,1694782770001967,scroll_50,1559902255,2045365191.1694419630,1694419630602476,6092560544,WEB,,1694782763,https://viktorbyskov.dk/,,2016,,1
367,20230915,1694789143635216,scroll_50,-656399088,2045365191.1694419630,1694419630602476,6092560544,WEB,,,,1,2825,10,1
368,20230915,1694789673528806,scroll_50,-126505498,2045365191.1694419630,1694419630602476,6092560544,WEB,,,https://viktorbyskov.dk/,,,10,1
369,20230915,1694778726333481,scroll_50,1811201065,2045365191.1694419630,1694419630602476,6092560544,WEB,Viktor Byskov - Viktor Byskov,,https://viktorbyskov.dk/?gtm_debug=1694778676496,,1890,8,1
370,20230915,1694778973168924,scroll_50,2058036508,2045365191.1694419630,1694419630602476,6092560544,WEB,,,,1,,,1
371,20230915,1694779562995571,scroll_50,-1647104141,2045365191.1694419630,1694419630602476,6092560544,WEB,Viktor Byskov - Viktor Byskov,,,,,,1
372,20230915,1694779793264978,scroll_50,-1416834734,2045365191.1694419630,1694419630602476,6092560544,WEB,,1694778067,,,1881,,1
373,20230915,1694779846992296,scroll_50,-1363107416,2045365191.1694419630,1694419630602476,6092560544,WEB,,,,,2345,,1
374,20230915,1694779915060652,scroll_50,-1295039060,2045365191.1694419630,1694419630602476,6092560544,WEB,Viktor Byskov - Viktor Byskov,1694778067,https://viktorbyskov.dk/?gtm_debug=1694779908465,1,3330,8,1
375,20230915,1694780040694738,scroll_50,-1169404974,2045365191.1694419630,1694419630602476,6092560544,WEB,,,https://viktorbyskov.dk/?gtm_debug=1694780035483,1,1201,8,1
376,20230915,1694787471463278,scroll_50,1966396270,2045365191.1694419630,1694419630602476,6092560544,WEB,Viktor Byskov - Viktor Byskov,,,1,2551,10,1
377,20230915,1694787921593121,scroll_50,-1878441183,2045365191.1694419630,1694419630602476,6092560544,WEB,Viktor Byskov - Viktor Byskov,1694785000,https://viktorbyskov.dk/?gtm_debug=1694787898934,1,,10,1
378,20230915,1694787992053386,scroll_50,-1807980918,2045365191.1694419630,1694419630602476,6092560544,WEB,Viktor Byskov - Viktor Byskov,1694785000,https://viktorbyskov.dk/?gtm_debug=1694787972588,1,,10,1
379,20230915,1694788297348015,scroll_50,-1502686289,2045365191.1694419630,1694419630602476,6092560544,WEB,,,,,,,1
380,20230915,1694778226888801,scroll_75,1311756385,2045365191.1694419630,1694419630602476,6092560544,WEB,,1694778067,https://viktorbyskov.dk/,1,887,8,1
381,20230915,1694778773100319,scroll_75,1857967903,2045365191.1694419630,1694419630602476,6092560544,WEB,Viktor Byskov - Viktor Byskov,,,1,2472,,1
382,20230915,1694782820893903,scroll_75,1610794191,2045365191.1694419630,1694419630602476,6092560544,WEB,Viktor Byskov - Viktor Byskov,,,,,9,1
383,20230915,1694779597725379,scroll_75,-1612374333,2045365191.1694419630,1694419630602476,6092560544,WEB,,1694778067,https://viktorbyskov.dk/?gtm_debug=1694779555275,,29948,,1
384,20230915,1694779832162619,scroll_75,-1377937093,2045365191.1694419630,1694419630602476,6092560544,WEB,,,,,,,1
385,20230915,1694779849512351,scroll_75,-1360587361,2045365191.1694419630,1694419630602476,6092560544,WEB,Viktor Byskov - Viktor Byskov,1694778067,https://viktorbyskov.dk/?gtm_debug=1694779841007,1,2301,,1
386,20230915,1694787921885810,scroll_75,-1878148494,2045365191.1694419630,1694419630602476,6092560544,WEB,Viktor Byskov - Viktor Byskov,1694785000,https://viktorbyskov.dk/?gtm_debug=1694787898934,1,104,10,1
387,20230915,1694778773639751,scroll_90,1858507335,2045365191.1694419630,1694419630602476,6092560544,WEB,Viktor Byskov - Viktor Byskov,1694778067,https://viktorbyskov.dk/,1,3073,,1
388,20230915,1694782820891574,scroll_90,1610791862,2045365191.1694419630,1694419630602476,6092560544,WEB,,1694782763,https://viktorbyskov.dk/,1,,9,1
389,20230915,1694779598162350,scroll_90,-1611937362,2045365191.1694419630,1694419630602476,6092560544,WEB,Viktor Byskov - Viktor Byskov,,https://viktorbyskov.dk/?gtm_debug=1694779555275,1,,8,1
390,20230915,1694779832291741,scroll_90,-1377807971,2045365191.1694419630,1694419630602476,6092560544,WEB,,,,1,345,8,1
391,20230915,1694779850496361,scroll_90,-1359603351,2045365191.1694419630,1694419630602476,6092560544,WEB,,,,1,,,1
392,20230915,1694778689357039,call_click,1774224623,2045365191.1694419630,1694419630602476,6092560544,WEB,Viktor Byskov - Viktor Byskov,1694778067,https://viktorbyskov.dk/?gtm_debug=1694778676496,1,3998,8,1
393,20230915,1694778987461195,call_click,2072328779,2045365191.1694419630,1694419630602476,6092560544,WEB,,1694778067,https://viktorbyskov.dk/?gtm_debug=1694778951801,1,5646,8,1
394,20230915,1694779801403523,20sec_timer,-1408696189,2045365191.1694419630,1694419630602476,6092560544,WEB,Viktor Byskov - Viktor Byskov,1694778067,https://viktorbyskov.dk/?gtm_debug=1694779778812,1,8200,8,1
395,20230915,1694779862590083,20sec_timer,-1347509629,2045365191.1694419630,1694419630602476,6092560544,WEB,,1694778067,,,,,1
396,20230915,1694779931051958,20sec_timer,-1279047754,2045365191.1694419630,1694419630602476,6092560544,WEB,Viktor Byskov - Viktor Byskov,1694778067,https://viktorbyskov.dk/?gtm_debug=1694779908465,1,16168,8,1
397,20230915,1694780058991451,20sec_timer,-1151108261,2045365191.1694419630,1694419630602476,6092560544,WEB,,,https://viktorbyskov.dk/?gtm_debug=1694780035483,1,18295,,1
398,20230915,1694782872777313,cv_download,1662677601,2045365191.1694419630,1694419630602476,6092560544,WEB,Viktor Byskov - Viktor Byskov,1694782763,https://viktorbyskov.dk/,1,17572,9,1
399,20230915,1694778373050311,cv_download,1457917895,2045365191.1694419630,1694419630602476,6092560544,WEB,Viktor Byskov - Viktor Byskov,1694778067,,,27,8,1
400,20230915,1694778695502299,cv_download,1780369883,2045365191.1694419630,1694419630602476,6092560544,WEB,,1694778067,https://viktorbyskov.dk/?gtm_debug=1694778676496,1,,,1
401,20230915,1694778692352198,email_click,1777219782,2045365191.1694419630,1694419630602476,6092560544,WEB,Viktor Byskov - Viktor Byskov,,,,,,1
402,20230915,1694779039413186,email_click,2124280770,2045365191.1694419630,1694419630602476,6092560544,WEB,Viktor Byskov - Viktor Byskov,1694778067,https://viktorbyskov.dk/?gtm_debug=1694778951801,1,1555,8,1
403,20230915,1694787993392869,email_click,-1806641435,2045365191.1694419630,1694419630602476,6092560544,WEB,,1694785000,https://viktorbyskov.dk/?gtm_debug=1694787972588,,1364,10,1
404,20230915,1694782784005929,sec20_timer,1573906217,2045365191.1694419630,1694419630602476,6092560544,WEB,,,,0,2024,9,1
405,20230915,1694785064201412,sec20_timer,-440865596,2045365191.1694419630,1694419630602476,6092560544,WEB,,,,,,,1
406,20230915,1694785208255494,sec20_timer,-296811514,2045365191.1694419630,1694419630602476,6092560544,WEB,,,,,,10,1
407,20230915,1694785328052259,sec20_timer,-177014749,2045365191.1694419630,1694419630602476,6092560544,WEB,Viktor Byskov - Viktor Byskov,1694785000,https://viktorbyskov.dk/,,20002,10,1
408,20230915,1694786157678327,sec20_timer,652611319,2045365191.1694419630,1694419630602476,6092560544,WEB,,,https://viktorbyskov.dk/,,2760,,1
409,20230915,1694788215272152,sec20_timer,-1584762152,2045365191.1694419630,1694419630602476,6092560544,WEB,,,,,,,1
410,20230915,1694789158566700,sec20_timer,-641467604,2045365191.1694419630,1694419630602476,6092560544,WEB,Viktor Byskov - Viktor Byskov,,https://viktorbyskov.dk/,1,,10,1
411,20230915,1694789269520067,sec20_timer,-530514237,2045365191.1694419630,1694419630602476,6092560544,WEB,Viktor Byskov - Viktor Byskov,1694785000,https://viktorbyskov.dk/?vc_editable=true&vc_post_id=7&_vcnonce=534abf4dd1,1,,,1
412,20230915,1694789459137917,sec20_timer,-340896387,2045365191.1694419630,1694419630602476,6092560544,WEB,Viktor Byskov - Viktor Byskov,,,1,,10,1
413,20230915,1694789494910850,sec20_timer,-305123454,2045365191.1694419630,1694419630602476,6092560544,WEB,,1694785000,https://viktorbyskov.dk/?vc_editable=true&vc_post_id=7&_vcnonce=534abf4dd1,1,7713,10,1
414,20230915,1694789644656696,sec20_timer,-155377608,2045365191.1694419630,1694419630602476,6092560544,WEB,,1694785000,https://viktorbyskov.dk/?vc_editable=true&vc_post_id=7&_vcnonce=534abf4dd1,1,6702,10,1
415,20230915,1694789676232279,sec20_timer,-123802025,2045365191.1694419630,1694419630602476,6092560544,WEB,Viktor Byskov - Viktor Byskov,1694785000,,1,,10,1
416,20230915,1694786441146199,sec20_timer,936079191,2045365191.1694419630,1694419630602476,6092560544,WEB,,,https://viktorbyskov.dk/?gtm_debug=1694786417434,,,,1
417,20230915,1694787489179691,sec20_timer,1984112683,2045365191.1694419630,1694419630602476,6092560544,WEB,,,,1,,,1
418,20230915,1694787921779730,sec20_timer,-1878254574,2045365191.1694419630,1694419630602476,6092560544,WEB,Viktor Byskov - Viktor Byskov,1694785000,https://viktorbyskov.dk/?gtm_debug=1694787898934,1,186,10,1
419,20230915,1694788177522111,sec20_timer,-1622512193,2045365191.1694419630,1694419630602476,6092560544,WEB,Viktor Byskov - Viktor Byskov,,https://viktorbyskov.dk/?gtm_debug=1694788154485,,,,1
420,20230915,1694788223235196,sec20_timer,-1576799108,2045365191.1694419630,1694419630602476,6092560544,WEB,,1694785000,https://viktorbyskov.dk/?gtm_debug=1694788200602,,,10,1
421,20230915,1694782878034925,file_download,1667935213,2045365191.1694419630,1694419630602476,6092560544,WEB,,,,,,,1
422,20230915,1694778373049700,file_download,1457917284,2045365191.1694419630,1694419630602476,6092560544,WEB,,,,,,,1
423,20230915,1694778695516844,file_download,1780384428,2045365191.1694419630,1694419630602476,6092560544,WEB,,1694778067,https://viktorbyskov.dk/?gtm_debug=1694778676496,1,,,1
424,20230915,1694770876737848,session_start,-1743427272,2045365191.1694419630,1694419630602476,6092560544,WEB,,,,,,,1
425,20230915,1694778068147904,session_start,1153015488,2045365191.1694419630,1694419630602476,6092560544,WEB,Viktor Byskov - Viktor Byskov,1694778067,https://viktorbyskov.dk/,,,8,1
426,20230915,1694782763518596,session_start,1553418884,2045365191.1694419630,1694419630602476,6092560544,WEB,Viktor Byskov - Viktor Byskov,1694782763,,,,9,1
427,20230915,1694785001237700,session_start,-503829308,2045365191.1694419630,1694419630602476,6092560544,WEB,Viktor Byskov - Viktor Byskov,,,,,10,1
428,20230915,1694782917755289,linkedin_click,1707655577,2045365191.1694419630,1694419630602476,6092560544,WEB,Viktor Byskov - Viktor Byskov,1694782763,https://viktorbyskov.dk/,1,,,1
429,20230915,1694778960531030,linkedin_click,2045398614,2045365191.1694419630,1694419630602476,6092560544,WEB,,,https://viktorbyskov.dk/?gtm_debug=1694778951801,,4508,,1
430,20230915,1694787927577538,linkedin_click,-1872456766,2045365191.1694419630,1694419630602476,6092560544,WEB,,,,,,10,1
431,20230915,1694778068147904,user_engagement,1153015488,2045365191.1694419630,1694419630602476,6092560544,WEB,Viktor Byskov - Viktor Byskov,1694778067,https://viktorbyskov.dk/,0,,8,1
432,20230915,1694778214263143,user_engagement,1299130727,2045365191.1694419630,1694419630602476,6092560544,WEB,,,,,,,1
433,20230915,1694778237074798,user_engagement,1321942382,2045365191.1694419630,1694419630602476,6092560544,WEB,Viktor Byskov - Viktor Byskov,1694778067,https://viktorbyskov.dk/,1,7820,8,1
434,20230915,1694778274778551,user_engagement,1359646135,2045365191.1694419630,1694419630602476,6092560544,WEB,,1694778067,https://viktorbyskov.dk/?vc_editable=true&vc_post_id=7&_vcnonce=94fae9c7eb,1,,8,1
435,20230915,1694778793075264,user_engagement,1877942848,2045365191.1694419630,1694419630602476,6092560544,WEB,,,,,,,1
436,20230915,1694785013056971,user_engagement,-492010037,2045365191.1694419630,1694419630602476,6092560544,WEB,,1694785000,https://viktorbyskov.dk/,0,,10,1
437,20230915,1694785025817537,user_engagement,-479249471,2045365191.1694419630,1694419630602476,6092560544,WEB,Viktor Byskov - Viktor Byskov,1694785000,https://viktorbyskov.dk/,,5117,,1
438,20230915,1694785141767559,user_engagement,-363299449,2045365191.1694419630,1694419630602476,6092560544,WEB,,1694785000,,,43274,,1
439,20230915,1694785307455397,user_engagement,-197611611,2045365191.1694419630,1694419630602476,6092560544,WEB,,,,,,,1
440,20230915,1694785766874664,user_engagement,261807656,2045365191.1694419630,1694419630602476,6092560544,WEB,,,,,,,1
441,20230915,1694787965861296,user_engagement,-1834173008,2045365191.1694419630,1694419630602476,6092560544,WEB,,,,,1871,10,1
442,20230915,1694788307965679,user_engagement,-1492068625,2045365191.1694419630,1694419630602476,6092560544,WEB,Viktor Byskov - Viktor Byskov,1694785000,https://viktorbyskov.dk/,1,1745,10,1
443,20230915,1694789170538568,user_engagement,-629495736,2045365191.1694419630,1694419630602476,6092560544,WEB,,1694785000,https://viktorbyskov.dk/,,8461,,1
444,20230915,1694789196753560,user_engagement,-603280744,2045365191.1694419630,1694419630602476,6092560544,WEB,,,,,,,1
445,20230915,1694789242168271,user_engagement,-557866033,2045365191.1694419630,1694419630602476,6092560544,WEB,,1694785000,,1,,10,1
446,20230915,1694789439060564,user_engagement,-360973740,2045365191.1694419630,1694419630602476,6092560544,WEB,,1694785000,https://viktorbyskov.dk/?vc_editable=true&vc_post_id=7&_vcnonce=534abf4dd1,1,24112,10,1
447,20230915,1694789464116819,user_engagement,-335917485,2045365191.1694419630,1694419630602476,6092560544,WEB,,1694785000,https://viktorbyskov.dk/,1,4978,10,1
448,20230915,1694789469208346,user_engagement,-330825958,2045365191.1694419630,1694419630602476,6092560544,WEB,,,,,,,1
449,20230915,1694789542663905,user_engagement,-257370399,2045365191.1694419630,1694419630602476,6092560544,WEB,,1694785000,https://viktorbyskov.dk/?vc_editable=true&vc_post_id=7&_vcnonce=534abf4dd1,,,10,1
450,20230915,1694789554593202,user_engagement,-245441102,2045365191.1694419630,1694419630602476,6092560544,WEB,Viktor Byskov - Viktor Byskov,,https://viktorbyskov.dk/,1,11406,,1
451,20230915,1694789568474852,user_engagement,-231559452,2045365191.1694419630,1694419630602476,6092560544,WEB,,1694785000,https://viktorbyskov.dk/?vc_editable=true&vc_post_id=7&_vcnonce=534abf4dd1,,4221,10,1
452,20230915,1694789684191134,user_engagement,-115843170,2045365191.1694419630,1694419630602476,6092560544,WEB,Viktor Byskov - Viktor Byskov,1694785000,https://viktorbyskov.dk/,1,7955,10,1
453,20230915,1694778727443402,user_engagement,1812310986,2045365191.1694419630,1694419630602476,6092560544,WEB,,,,,,,1
454,20230915,1694779040301056,user_engagement,2125168640,2045365191.1694419630,1694419630602476,6092560544,WEB,Viktor Byskov - Viktor Byskov,1694778067,https://viktorbyskov.dk/?gtm_debug=1694778951801,1,1240,,1
455,20230915,1694779613717999,user_engagement,-1596381713,2045365191.1694419630,1694419630602476,6092560544,WEB,,,,1,11583,,1
456,20230915,1694779780308029,user_engagement,-1429791683,2045365191.1694419630,1694419630602476,6092560544,WEB,Viktor Byskov - Viktor Byskov,1694778067,https://viktorbyskov.dk/?gtm_debug=1694779637381,1,49433,8,1
457,20230915,1694779841590155,user_engagement,-1368509557,2045365191.1694419630,1694419630602476,6092560544,WEB,Viktor Byskov - Viktor Byskov,,https://viktorbyskov.dk/?gtm_debug=1694779778812,,2615,8,1
458,20230915,1694779908536133,user_engagement,-1301563579,2045365191.1694419630,1694419630602476,6092560544,WEB,Viktor Byskov - Viktor Byskov,1694778067,https://viktorbyskov.dk/?gtm_debug=1694779841007,1,,,1
459,20230915,1694779992091373,user_engagement,-1218008339,2045365191.1694419630,1694419630602476,6092560544,WEB,Viktor Byskov - Viktor Byskov,1694778067,https://viktorbyskov.dk/?gtm_debug=1694779908465,1,42102,8,1
460,20230915,1694780197132209,user_engagement,-1012967503,2045365191.1694419630,1694419630602476,6092560544,WEB,,,,,,,1
461,20230915,1694787994542159,user_engagement,-1805492145,2045365191.1694419630,1694419630602476,6092560544,WEB,Viktor Byskov - Viktor Byskov,1694785000,https://viktorbyskov.dk/?gtm_debug=1694787972588,1,1033,10,1
462,20230915,1694788200991893,user_engagement,-1599042411,2045365191.1694419630,1694419630602476,6092560544,WEB,Viktor Byskov - Viktor Byskov,1694785000,https://viktorbyskov.dk/?gtm_debug=1694788154485,1,3303,10,1
463,20230915,1694788292689867,user_engagement,-1507344437,2045365191.1694419630,1694419630602476,6092560544,WEB,Viktor Byskov - Viktor Byskov,,https://viktorbyskov.dk/?gtm_debug=1694788200602,,3997,10,1
464,20230915,1694788306784828,user_engagement,-1493249476,2045365191.1694419630,1694419630602476,6092560544,WEB,Viktor Byskov - Viktor Byskov,1694785000,https://viktorbyskov.dk/?gtm_debug=1694788200602,1,1198,,1
